Experiment Name,Participant Number,Participant Age,Participant Gender,Condition,Order,Trial 1,Trial 2
CABCS,4,21,Male,0,0,10.01145,11.20443
CABCS,1,22,Male,1,1,24.964,22.98197
CABCS,2,22,Male,0,1,19.82691,16.31154
CABCS,4,21,Male,0,0,10.01145,11.42045
CABCS,4,21,Male,0,0,10.01145,12.25194
CABCS,4,21,Male,0,0,10.01145,23.14907
CABCS,4,21,Male,0,0,10.01145,12.75658
CABCS,4,21,Male,0,0,10.01145,8.352655
CABCS,4,21,Male,0,0,10.01145,6.490081
